ドン・キホーテ松原店	マイプロココア	0
ドン・キホーテ松原店	マイプロレモン	0
ドン・キホーテ松原店	アルプロンチョコ	0
ドン・キホーテ松原店	アルプロンクッキー	0
ドン・キホーテ松原店	VALXチョコ	0
ドン・キホーテ松原店	VALXベリー	0
ドン・キホーテ松原店	グロングチョコ	0
ドン・キホーテ松原店	グロングヨーグルト	0
ドン・キホーテ松原店	ザバスココア	0
ドン・キホーテ松原店	ザバスストロベリー	0
ドン・キホーテ松原店	ザバスリッチショコラ	0
ドン・キホーテ松原店	ザバスバナナ	0
ドン・キホーテ松原店	ザバスキャラメル	0
ドン・キホーテ松原店	ザバスヨーグルト	0
ドン・キホーテ松原店	コップ小	0
ドン・キホーテ松原店	ウエットティッシュ	0
ドン・キホーテりんくう店	VALXチョコ	0
ドン・キホーテりんくう店	アルプロチョコ	0
ドン・キホーテりんくう店	グロングチョコ	0
ドン・キホーテりんくう店	VALXピーチ	0
ドン・キホーテりんくう店	アルプロストロベリー	0
ドン・キホーテりんくう店	ウルトラココナッツ	0
ドン・キホーテりんくう店	マイプロココア	0
ドン・キホーテりんくう店	マイプロ抹茶	0
ドン・キホーテりんくう店	マイプロレモン	0
ドン・キホーテりんくう店	コップ小	0
ドン・キホーテりんくう店	ウエットティッシュ	0
ドン・キホーテ京都伏見店	マイプロココア	0
ドン・キホーテ京都伏見店	マイプロレモン	0
ドン・キホーテ京都伏見店	アルプロンチョコ	0
ドン・キホーテ京都伏見店	アルプロンイチゴ	0
ドン・キホーテ京都伏見店	VALXチョコ	0
ドン・キホーテ京都伏見店	VALXピーチ	0
ドン・キホーテ京都伏見店	ホエイチョコ	0
ドン・キホーテ京都伏見店	ホエイヨーグルト	0
ドン・キホーテ京都伏見店	コップ小	0
ドン・キホーテ京都伏見店	ウエットティッシュ	0
ドン・キホーテ西大和店	マイプロココア	0
ドン・キホーテ西大和店	マイプロレモン	0
ドン・キホーテ西大和店	アルプロチョコ	0
ドン・キホーテ西大和店	アルプロクッキー	0
ドン・キホーテ西大和店	VALXチョコ	0
ドン・キホーテ西大和店	VALXピーチ	0
ドン・キホーテ西大和店	ウルトラココナッツ	0
ドン・キホーテ西大和店	ウルトラクッキー	0
ドン・キホーテ西大和店	コップ小	0
ドン・キホーテ西大和店	ウエットティッシュ	0
ドン・キホーテ箕面店	マイプロココア	0
ドン・キホーテ箕面店	マイプロレモン	0
ドン・キホーテ箕面店	バルクスチョコ	0
ドン・キホーテ箕面店	バルクスピーチ	0
ドン・キホーテ箕面店	ザバスココア	0
ドン・キホーテ箕面店	ザバスストロベリー	0
ドン・キホーテ箕面店	グロングチョコ	0
ドン・キホーテ箕面店	グロングヨーグルト	0
ドン・キホーテ箕面店	コップ小	0
ドン・キホーテ箕面店	ウエットティッシュ	0
ドン・キホーテ茨木店	マイプロココア	0
ドン・キホーテ茨木店	マイプロレモン	0
ドン・キホーテ茨木店	アルプロチョコ	0
ドン・キホーテ茨木店	アルプロクッキー＆クリーム	0
ドン・キホーテ茨木店	バルクスチョコ	0
ドン・キホーテ茨木店	バルクスベリー	0
ドン・キホーテ茨木店	グロングチョコ	0
ドン・キホーテ茨木店	グロングヨーグルト	0
ドン・キホーテ茨木店	コップ小	0
ドン・キホーテ茨木店	ウエットティッシュ	0
ドン・キホーテ枚方店	マイプロココア	0
ドン・キホーテ枚方店	マイプロレモン	0
ドン・キホーテ枚方店	バルクスチョコ	0
ドン・キホーテ枚方店	バルクスピーチ	0
ドン・キホーテ枚方店	ザバスココア	0
ドン・キホーテ枚方店	ザバスストロベリー	0
ドン・キホーテ枚方店	ウルトラココナッツ	0
ドン・キホーテ枚方店	ウルトラパイン	0
ドン・キホーテ枚方店	コップ小	0
ドン・キホーテ枚方店	ウエットティッシュ	0
